{
  "id": "4485149",
  "name": "my",
  "font_family": "iconfont",
  "css_prefix_text": "icon-",
  "description": "",
  "glyphs": [
    {
      "icon_id": "11372641",
      "name": "3D眼镜",
      "font_class": "Dyanjing",
      "unicode": "e8ab",
      "unicode_decimal": 59563
    },
    {
      "icon_id": "11372642",
      "name": "彩蛋",
      "font_class": "caidan",
      "unicode": "e8ac",
      "unicode_decimal": 59564
    },
    {
      "icon_id": "11372643",
      "name": "安全",
      "font_class": "anquan",
      "unicode": "e8ad",
      "unicode_decimal": 59565
    },
    {
      "icon_id": "11372644",
      "name": "帮助",
      "font_class": "bangzhu",
      "unicode": "e8ae",
      "unicode_decimal": 59566
    },
    {
      "icon_id": "11372645",
      "name": "不感兴趣",
      "font_class": "buganxingqu",
      "unicode": "e8af",
      "unicode_decimal": 59567
    },
    {
      "icon_id": "11372654",
      "name": "电影",
      "font_class": "dianying",
      "unicode": "e8b0",
      "unicode_decimal": 59568
    }
  ]
}
